connection node_2;
connection node_1;
connection node_1;
CREATE TABLE t1 (f1 INTEGER PRIMARY KEY) ENGINE=InnoDB;
SET SESSION wsrep_trx_fragment_size = 1;
START TRANSACTION;
INSERT INTO t1 VALUES (1);
INSERT INTO t1 VALUES (2);
INSERT INTO t1 VALUES (3);
INSERT INTO t1 VALUES (4);
INSERT INTO t1 VALUES (5);
connection node_2;
SET SESSION TRANSACTION ISOLATION LEVEL READ UNCOMMITTED;
Killing server ...
connection node_1;
INSERT INTO t1 VALUES (6);
ROLLBACK;
connection node_2;
# restart
connection node_2;
SET SESSION TRANSACTION ISOLATION LEVEL READ COMMITTED;
SELECT COUNT(*) = 0 FROM t1;
COUNT(*) = 0
1
SELECT COUNT(*) = 0 FROM mysql.wsrep_streaming_log;
COUNT(*) = 0
1
DROP TABLE t1;
